start_seconds,end_seconds,label,avg_energy,avg_line_length,zero_crossing_rate,delta_power,theta_power,alpha_power,beta_power,gamma_power,hfo_power,hfo_to_beta,hfo_to_total,pac_proxy,mean_abs_connectivity,max_abs_connectivity,spatial_concentration
0.0,1.998046875,interictal,0.4789058195745031,0.31779112067154186,0.14817530140110785,0.0016771233448203218,0.014556803026356167,0.014887974749224328,0.00015625328886134903,8.312638495909823e-05,8.804006737597613e-05,0.5634409654770998,0.002799426574710402,0.03848904232358161,0.2940114778776006,0.7239405462104099,0.08496615141157844
1.0,2.998046875,interictal,0.47350593042939765,0.31764781502083533,0.14410231345715216,0.001629699368254139,0.014159225763969009,0.014560805470984962,0.00016768457667223818,9.493783251156571e-05,7.25131997841309e-05,0.43243552142750336,0.0023631583373890886,0.05193563180913807,0.27418847582102335,0.5417761036566671,0.08928868395302648
2.0,3.998046875,interictal,0.47321080056246667,0.315317903227098,0.14516129032258066,0.0018738313222852855,0.01397828667424725,0.014359268513752556,0.00015760469265140375,9.337651778450824e-05,7.779150401223184e-05,0.4935830851255675,0.0025471871607677964,0.054800494125642106,0.2577598099551839,0.4691628309740469,0.08991799280386818
3.0,4.998046875,interictal,0.47439459511825444,0.31637140760902854,0.14996741609644834,0.0015908930005573217,0.013970139795508797,0.014310838195080713,0.00015428244956225079,8.425596601804007e-05,7.18711625073381e-05,0.4658384467761028,0.0023812368969679926,0.039006076822764475,0.24414196147463166,0.5436183275117256,0.08864376756631234
4.0,5.998046875,interictal,0.4736065130065925,0.31686031038622,0.14320625610948193,0.0015938876985398332,0.014231379004837001,0.01451445209222914,0.00018508651112174993,8.648092853006815e-05,6.563042069045745e-05,0.3545912973419692,0.002139407271177772,0.04264885049765283,0.2669539006523004,0.4899612320039846,0.08686851175142049
5.0,6.998046875,interictal,0.4680417531823031,0.317527905249843,0.14108830237862496,0.0017356309915009564,0.013697227450280682,0.014147190556384713,0.00018239080297337076,9.727044700386132e-05,8.46574779846592e-05,0.4641517689093693,0.0028271585472025838,0.05217924684246878,0.2863044819140086,0.6841589941916258,0.08684258582162922
6.0,7.998046875,interictal,0.4747634564500247,0.31986781289117067,0.14687194525904204,0.001600250459940957,0.014164870777374342,0.014493920375566077,0.00018873579758084101,8.46763255976093e-05,7.650092124682064e-05,0.40533124556197503,0.0024992986400226677,0.04876981107409636,0.2513069740027972,0.4641142598479554,0.08761285173162585
7.0,8.998046875,interictal,0.4801640298998208,0.3198651169750873,0.14866405995438253,0.0018684159434879848,0.014452574459154861,0.014854652673984463,0.000173353195850683,7.788449097034087e-05,7.144681866764907e-05,0.41214357874088675,0.002268273330166951,0.04691246168474076,0.2590691764895596,0.5201603423497466,0.08553306706549835
8.0,9.998046875,interictal,0.4697767290773782,0.32072531340296323,0.15452916259367874,0.0016506984525062284,0.013926917506177363,0.014254582692664877,0.0001706104323933187,7.485039917363714e-05,6.0152578273692856e-05,0.3525706186852722,0.001995917160663398,0.04872833105414745,0.39681964913835205,0.7465861393472395,0.08674479314246529
9.0,10.998046875,interictal,0.47138749036025157,0.32128031248009764,0.15664711632453568,0.0016843055403779792,0.013855006431328082,0.014136268002000997,0.00016824070591116457,8.161670537996906e-05,7.442545639491983e-05,0.44237221675711114,0.002480859806177831,0.04249923567992949,0.3422683864653485,0.7464593259163348,0.08634630575475337
10.0,11.998046875,interictal,0.47366216324793203,0.3208777926998025,0.1496415770609319,0.0018061345377419203,0.013715046597932691,0.014089250149030884,0.00018090135455495478,7.174144970541344e-05,9.125968185075598e-05,0.5044692871757674,0.0030466268922008195,0.04698361479755475,0.25535685317773993,0.46790307479157134,0.0880809322368389
11.0,12.998046875,interictal,0.4726980105466138,0.3187072592306384,0.14711632453567938,0.0015879759923162577,0.014048337373543269,0.014237279689988969,0.00018167961404229067,5.476852254094027e-05,8.969522108013925e-05,0.4936972585267709,0.00297006625759627,0.05703559487729834,0.25673010789303796,0.5000737074805717,0.0865155554943038
12.0,13.998046875,interictal,0.4737845672287812,0.31934003860215116,0.15029325513196481,0.0017469764228362917,0.014166257861397727,0.01446353495352991,0.00015958294449896124,7.373502136939708e-05,8.427976997258715e-05,0.5281218623665224,0.002745773102253227,0.055518332742372355,0.28202149170804114,0.6781475076144572,0.08566565184830764
13.0,14.998046875,interictal,0.47246277914971696,0.3176703049681778,0.14996741609644834,0.0016244171687182292,0.013939884343306378,0.014258736815452236,0.0001771056070906464,6.352657155634654e-05,7.164421671467148e-05,0.4045259400063074,0.0023774171597736016,0.061386855090537894,0.2616555548001082,0.5327672616882514,0.08671273085248292
14.0,15.998046875,interictal,0.47237394278768524,0.31476508048633467,0.14882697947214077,0.0016419121627877873,0.014071384041163657,0.014417808450558671,0.000146314815887996,5.488759122031569e-05,8.419665598933564e-05,0.5754446672654154,0.002768123976473706,0.057883811799837814,0.2506774883708624,0.47733233350167187,0.08934886109956776
15.0,16.998046875,interictal,0.47133929143553543,0.3153525096552752,0.14581296839361355,0.0018124882220237942,0.01410617766060987,0.014337663016290322,0.0001283039096676138,7.064608372865267e-05,7.961434583382172e-05,0.6205089582313751,0.002607323451421741,0.042393110132734314,0.269972500170335,0.49504793299540617,0.08904263379040228
16.0,17.998046875,interictal,0.47542898157626085,0.3146021642371921,0.14173998044965788,0.0014432396966202448,0.014095137475302583,0.014436382917530926,0.00015657753440828819,7.427678065787483e-05,6.937716392733657e-05,0.44308221551257687,0.0022915666707592126,0.05238955962933526,0.2443355159150724,0.5512863062799377,0.08947644252114327
17.0,18.998046875,interictal,0.47638701253071275,0.3132333865327415,0.14467253176930597,0.0019878962463814793,0.014304102243724309,0.014741225292282717,0.00014976925865289384,6.928404951994582e-05,8.866496189870045e-05,0.5920064684149978,0.0028290457549502764,0.04974158885420369,0.2766766670012797,0.7201429220741483,0.08727674900148698
18.0,19.998046875,interictal,0.4721646727727397,0.3148172725748855,0.15175953079178886,0.0016537064822752091,0.013641431292189012,0.01405294253277727,0.000136148379262572,7.05801940778447e-05,8.08229216307173e-05,0.5936341544007013,0.00272722105075762,0.0415777395494804,0.4776830813963643,0.8172926696057099,0.08641645020156538
19.0,20.998046875,interictal,0.4791105172517109,0.3195779509098041,0.15330726621049204,0.0017778279481620847,0.014271391173589526,0.014705295907018431,0.00016864548269397036,6.847531056937839e-05,7.772457630213647e-05,0.4608727977041609,0.002501647050470126,0.043645782468179066,0.42736655811837077,0.8251011027359104,0.08581050300719409
20.0,21.998046875,interictal,0.47967709561097593,0.3212540785010678,0.15029325513196481,0.0019854443128467787,0.014202575603711584,0.014499543350743188,0.00018011073277740533,9.149533800896688e-05,6.477111922931345e-05,0.3596163238813661,0.0020877785409189743,0.0467895274916147,0.28735713472962693,0.7211095011657456,0.08785468174032739
21.0,22.998046875,interictal,0.47477269449075515,0.3180413944857951,0.14654610622352557,0.0016046647808050818,0.014062872717444044,0.014427682924893014,0.0001668513986961428,8.199211136241373e-05,7.315745207177604e-05,0.4384561003824949,0.0024051325642145977,0.05212699158724205,0.2747330737839293,0.5398290166295484,0.0868715267656948
22.0,23.998046875,interictal,0.47789039634707314,0.31390168070151275,0.14450961225154774,0.0019026663254342131,0.014060333083026096,0.014369291640691888,0.00014157012855539809,6.722659571952972e-05,7.89493820005065e-05,0.5576658377037157,0.0025783567479491245,0.06562158798127568,0.2602421625239809,0.4680722847582587,0.08824391303150698
23.0,24.998046875,interictal,0.47677486628627985,0.31359322990323896,0.14459107201042684,0.0017462930095022138,0.014057980550693986,0.014368489973326612,0.00013828491356711266,6.886960290493589e-05,6.285075041435877e-05,0.454498573232162,0.0020645542710609043,0.06753072879352771,0.24171531808402869,0.5301026149992378,0.08710200752159822
24.0,25.998046875,interictal,0.478694446013995,0.31569721472535023,0.15045617464972302,0.0017444783627755267,0.013992955584037037,0.01427192945439109,0.00017191288213865713,7.572922873535166e-05,8.590499104660392e-05,0.4996978136839308,0.0028311387006404675,0.04851136874650638,0.2649906585706896,0.4728705788063007,0.0877683242864079
25.0,26.998046875,interictal,0.4758385654646003,0.31674047102177555,0.1496415770609319,0.0018039293617271503,0.014027846957058847,0.014422872068129382,0.00016323327198057355,7.504230541417751e-05,8.803604206113586e-05,0.5393232744139234,0.0028787859885369316,0.053959790221111775,0.2829850016821828,0.6933362379723618,0.08665975446697943
26.0,27.998046875,interictal,0.4706259346893744,0.31924802361906207,0.1442652329749104,0.0016110625567671742,0.013885230273159785,0.014206146204328937,0.00019041885445321235,9.186830523743622e-05,5.985291369907655e-05,0.31432076172384055,0.0019921368008683016,0.055736586820342306,0.2542191566698744,0.466682854976807,0.08671341192045416
27.0,28.998046875,interictal,0.4744144079049917,0.32293482213770974,0.14890843923101987,0.0017514516836824858,0.013840755372138974,0.01421428579038371,0.00018531770624751062,8.614506677258824e-05,6.659781899981701e-05,0.3593691125323816,0.002209281916450124,0.04047728242273141,0.25929252535089603,0.520141137806418,0.08598729784072574
28.0,29.998046875,interictal,0.4727568688233377,0.3216190889034321,0.15347018572825025,0.0016551196506429363,0.013798586811990218,0.014147793083459642,0.00016563148517572185,8.213560710030751e-05,7.35207933733118e-05,0.4438790693462853,0.002457016783078974,0.04394166054910472,0.392937364780246,0.7284613406261427,0.08696445426409795
29.0,30.998046875,interictal,0.4755507034342688,0.3194520095238585,0.1544477028347996,0.0017470610793097394,0.014148417901421703,0.014561187473505224,0.00019794650701626326,7.018933160724408e-05,8.344614526338089e-05,0.42155693962099255,0.0027085649715663743,0.05602086216930182,0.34061081313328273,0.7303065607803159,0.0856975373343602
30.0,31.998046875,interictal,0.47606200769673146,0.3177041157825667,0.15102639296187684,0.0019039240297541197,0.013973344214345478,0.014442083249041095,0.00016593306937511934,6.22415854545861e-05,7.00279227019596e-05,0.42202257177006114,0.002287182060759556,0.05282512995433277,0.25473467852676984,0.47418085125681186,0.08759881696362089
31.0,32.998046875,interictal,0.46929391865246,0.31707647206387385,0.15135223199739328,0.0016284890846211906,0.01371551829653151,0.014010099134724214,0.00015192541823555176,6.744619747749869e-05,6.562333970259661e-05,0.4319415968910161,0.0022140798550211557,0.05023253754776464,0.2568804816555691,0.4957456885597168,0.08701724617220363
32.0,33.998046875,interictal,0.4709258485209025,0.3177085177431882,0.15412186379928314,0.001866562921735329,0.014097759876845334,0.014470153441569511,0.00014715982085033164,5.512532969245457e-05,6.543664470465353e-05,0.444660775378558,0.0021313341311223143,0.05070033056739872,0.28093563861770526,0.6781017106687174,0.08606141168200675
33.0,34.998046875,interictal,0.47189043568717387,0.31468838519004994,0.14882697947214077,0.0016764449972487252,0.013937834576864415,0.014227152718650958,0.00017787650341100197,5.642553932752283e-05,6.913719993186582e-05,0.3886787176910062,0.002293497836177509,0.04122834414637674,0.2641415233421169,0.5295430153888703,0.08673517717262139
34.0,35.998046875,interictal,0.47102472634791687,0.31303365047764264,0.14336917562724014,0.001739717895632874,0.013919230315103967,0.014265409450313446,0.0001671231503804964,7.545340446931742e-05,8.772982168784583e-05,0.5249380265396043,0.002899712212277069,0.03996977585013213,0.2507271603149155,0.4832513957964001,0.08603518084703389
35.0,36.998046875,interictal,0.4765165282512615,0.3145016959055873,0.14450961225154774,0.0017683165017741366,0.014141249302530934,0.014467880763691316,0.0001629357243380489,6.976662016017244e-05,6.258200944115896e-05,0.38408780890499866,0.002040314165703744,0.03869721388457671,0.26887789792134126,0.5029919669816493,0.08630171355686275
36.0,37.998046875,interictal,0.4781590982809996,0.3184144845553278,0.14736070381231672,0.001521162980908274,0.014403663545371266,0.014785999924006109,0.00014436540430412903,7.343622311007824e-05,6.715030677530489e-05,0.46513804301617784,0.0021664338857998976,0.036513592807428705,0.24393047227195078,0.5451343544212182,0.08830894377556696
37.0,38.998046875,interictal,0.47615120669947636,0.3177415522581179,0.14573150863473444,0.002002819960094632,0.01424158939791705,0.014683580926304245,0.0001490548023599916,8.594027471717946e-05,7.201191005327961e-05,0.4831204751047551,0.002305487883414088,0.04114749348696553,0.27469225955778204,0.7122683323941748,0.08843930125138329
38.0,39.998046875,interictal,0.47492482541383335,0.31924254168189653,0.14898989898989898,0.0017138519385992079,0.013865153018318456,0.01430429055843944,0.00014945945798601278,8.53545830991954e-05,9.255200113832108e-05,0.6192407168120851,0.0030635541660802602,0.04053467797305741,0.47681017002828624,0.8185703064517066,0.08704913365029682
39.0,40.998046875,interictal,0.47400877127707625,0.3196099531869006,0.15420332355816227,0.0017118441135245445,0.013625590283752464,0.014083134522243697,0.0001535700053067934,6.367866363560935e-05,7.9664718277862e-05,0.5187484324838104,0.0026807356954009374,0.0344605996816699,0.4279034616584521,0.8173549709460651,0.08741933947168021
40.0,41.998046875,interictal,0.4738928376362907,0.31875488461852886,0.15110785272075597,0.0018704526563356955,0.014210797667513571,0.01453215297888043,0.0001523240566522416,7.419415512291747e-05,6.171067986809577e-05,0.4051249428318375,0.0019970038308309546,0.04273149778952675,0.2883259268868299,0.7283998681229249,0.08760399614488312
41.0,42.998046875,interictal,0.47402802744473965,0.319678704043806,0.14597588791137178,0.001573075035371369,0.014474674527762682,0.014811712338510164,0.00018937858596107255,7.192659062689727e-05,6.28744418533281e-05,0.3320022141470523,0.002016263552688895,0.05272467800731715,0.2741767720532093,0.5571057946570367,0.08779959167982708
42.0,43.998046875,interictal,0.4735505622391218,0.3180812175403567,0.14467253176930597,0.001901167628920335,0.013912129219436966,0.014294429270592726,0.0001356159140203469,5.757228388293218e-05,7.424436507952461e-05,0.5474565294148012,0.002444246083212699,0.05835694601817893,0.2625863026476365,0.4744542148084108,0.08742024979164086
43.0,44.998046875,interictal,0.4703656932223064,0.3165690927658716,0.14499837080482242,0.0016631358309379585,0.014044299544538924,0.014383539527927607,0.00015242254380739052,7.798802895814053e-05,7.406528854365287e-05,0.4859176390574229,0.0024367227411844516,0.06998603259692979,0.23782824372297645,0.5362607552374651,0.08566764940518536
44.0,45.998046875,interictal,0.4700773685115979,0.3148012787016012,0.14752362333007493,0.001677238811734055,0.014102127660137522,0.014436129044046425,0.00015815875126329285,8.846248284933663e-05,6.747048120068549e-05,0.4265970366149953,0.0022100029875825244,0.05452680102641367,0.2648879814174519,0.4770883156196425,0.08558754715749559
45.0,46.998046875,interictal,0.4727946990672805,0.3154372319344117,0.1483382209188661,0.0017669451073519526,0.01414033597601299,0.014480697315490525,0.00016737300062517806,8.613051242283605e-05,6.998349707019356e-05,0.4181264521896476,0.0022787416314886504,0.02909985764673644,0.2873222029689819,0.6956014594115606,0.08808101158755349
46.0,47.998046875,interictal,0.47492585309785035,0.315505905931486,0.14695340501792115,0.0015474501606161184,0.014278371032590173,0.01449730187516523,0.00015527721929923477,9.572607649971754e-05,8.28150382831081e-05,0.5333332559894717,0.002701346963958158,0.053724281310506716,0.2544854244557617,0.47189402684545406,0.08884723939903647
47.0,48.998046875,interictal,0.47748729468816786,0.3159824572429743,0.1472792440534376,0.0019107502529177812,0.014264838826169746,0.014544610143038922,0.0001514508383826098,7.285725888686995e-05,7.967894192634061e-05,0.5261008567294461,0.00256828458567474,0.07364995426273309,0.2579493316154494,0.5324153636179847,0.08766965384792928
48.0,49.998046875,interictal,0.4744926239278045,0.31511356664837514,0.15013033561420658,0.0016635801152374088,0.01399608639342071,0.014376859079371253,0.00019145523711682543,7.907591916922204e-05,7.508253384759209e-05,0.3921655150977254,0.0024712720420673336,0.05273972024502116,0.3989065563723605,0.7301090630635594,0.0861725895460056
49.0,50.998046875,interictal,0.4701603508352707,0.3153401817169071,0.1483382209188661,0.0016381266919033004,0.013945568867023209,0.014282738219753467,0.00014891559392595942,5.987619122352593e-05,6.51595197163228e-05,0.4375571452347331,0.002161867453711704,0.03438998434593085,0.34367072901383183,0.741748251484917,0.08592359125127987
50.0,51.998046875,interictal,0.47183323205627636,0.31892786057446926,0.14442815249266863,0.0018244114269019638,0.014139342602655314,0.014367461599993426,0.00016419954540670143,6.0369305160113654e-05,6.629759039936626e-05,0.4037598671499936,0.002165025489830179,0.046706680587661566,0.256419556322894,0.4840847368420075,0.0893306506751693
51.0,52.998046875,interictal,0.47242274329747413,0.3183524224241784,0.1508634734441186,0.0015891782435624895,0.014111809547019046,0.0143695459460898,0.00015611279790486582,7.283477233387216e-05,7.498741056607508e-05,0.4803381352093661,0.002468764434854663,0.04975777069283266,0.2612962122787225,0.5035238494457993,0.08609732009771397
52.0,53.998046875,interictal,0.4782341373000876,0.31428518320656934,0.1520039100684262,0.001911778544398012,0.014165967284587416,0.01441009579357302,0.0001417317418191821,7.796108901331875e-05,6.858072324427238e-05,0.4838735380690327,0.0022283748492065375,0.04261172791082459,0.28220232485786156,0.6823577871670964,0.0869052498315946
53.0,54.998046875,interictal,0.4770594308196361,0.3141216976539381,0.14622026718800912,0.001720147933349947,0.013878140438414496,0.01424010150720328,0.0001564592834801523,6.980724195047337e-05,5.6385632887830755e-05,0.36038304184066966,0.0018719681392849582,0.04618076978408989,0.2586106335057233,0.537982886605706,0.08644565358387961
54.0,55.998046875,preictal,0.4686481397706277,0.3182690815397124,0.14996741609644834,0.0016257244003998906,0.013879623063108653,0.01418544742531055,0.00016733410508022178,7.368096236392749e-05,6.641602209569758e-05,0.3969042961060515,0.0022139982520837267,0.04273018691861255,0.2542963719289934,0.47995861080203084,0.08653021804151145
55.0,56.998046875,preictal,0.4733864103472049,0.32132515153015945,0.149723036819811,0.0018011884138868454,0.013971817989558691,0.014338889960582052,0.00017918763053866566,7.614234647206888e-05,6.956455444244806e-05,0.3882196891249598,0.002285541612970615,0.03961116758654693,0.27008858942055464,0.4945750604701571,0.08664741264269595
56.0,57.998046875,preictal,0.48312850374622834,0.3303397577976627,0.15151515151515152,0.0015251648505557162,0.014181574256719799,0.01440089682745224,0.000121175768966056,6.537083102074354e-05,8.023020805806223e-05,0.6620923196964947,0.002641374702323348,0.04300317919293344,0.2361968331071097,0.5360101525466426,0.08647776062825555
57.0,58.998046875,preictal,0.5038421584297389,0.3588916120675532,0.17188009123492995,0.0019003702585308195,0.01406793818734898,0.014321096455696932,0.00015989311790538008,6.399890790329575e-05,0.00019833966888916686,1.240443810487998,0.00645812742050675,0.032525055264048745,0.2561652278103794,0.6860390724128913,0.09009211896335836
58.0,59.998046875,preictal,0.5407994877081154,0.4000460563351458,0.19248941023134572,0.0016743171241333668,0.014081275676052758,0.014010261352507743,0.00013730229029029664,7.313187840406233e-05,0.0003563581991618252,2.595409027769012,0.011748338120515074,0.036303670155220756,0.43210860538382606,0.7668041020615333,0.08727237753952401
59.0,60.998046875,preictal,0.5651486757119868,0.41670039234894035,0.19371130661453242,0.001682879383955741,0.014822951762928154,0.014475139221818029,0.00018704584192467445,8.507408317295938e-05,0.00021978420150974853,1.1750222524380163,0.006983289516793755,0.03685441571798748,0.3817678688221352,0.7340543026709431,0.08663541158834301
60.0,61.998046875,preictal,0.5818254072987146,0.4293257771339108,0.20128706419029,0.0020191270109304236,0.015260443259090735,0.014738377692475322,0.00017688004110902919,7.872919114123997e-05,0.000120963544674362,0.683869474738111,0.003734074102015856,0.036677810587465005,0.23057170846815164,0.625640301543914,0.08725391462419727
61.0,62.998046875,preictal,0.610016227411709,0.4617383847865418,0.21635711958292603,0.0016340782899863587,0.015571687804487498,0.014507232700459463,0.00016080323857882724,7.872820344836256e-05,0.00015456820393109676,0.9612197122237327,0.004814144118364011,0.03417242320625528,0.1982147556163092,0.4368619571172926,0.08606502465546971
62.0,63.998046875,preictal,0.667174562916555,0.5113662806121934,0.2374551971326165,0.0019493663188348378,0.01562908989861966,0.014380488929828137,0.00016403457298571876,7.847934968502862e-05,0.00024474778738226775,1.4920409209261942,0.007543186200939459,0.03250203643843976,0.1992101322222643,0.46695403501311405,0.08714240004288763
63.0,64.998046875,preictal,0.7321927619647814,0.5639134348611834,0.25684261974584555,0.001712028940647717,0.01600551007655521,0.014457778605967093,0.0001621987291984993,6.319576802979358e-05,0.00032915775799941487,2.0293360514590817,0.010056799772365267,0.03868223013913492,0.18065157960303382,0.40593543230829915,0.08602688441986658
64.0,65.998046875,preictal,0.7651047505482417,0.5901778395961191,0.2590420332355816,0.0015961052813200094,0.0167332933448326,0.014590293096284465,0.00016658149527844958,7.894246023093468e-05,0.0001969135750372747,1.1820784333199323,0.005902308202266664,0.0399925119368244,0.14817928663164237,0.314767765767845,0.09047790451944658
65.0,66.998046875,preictal,0.8051271565486467,0.6235154330032194,0.2708536982730531,0.0017992749230419304,0.017105822093760818,0.014316806685439463,0.00019532050733408478,8.140878964693979e-05,0.00022059267778429484,1.1293824259045133,0.0065420443919822335,0.033416594344567466,0.1616991357795446,0.45226586709751554,0.08908819741410956
66.0,67.998046875,preictal,0.8702081443369161,0.6691638757061374,0.29121863799283154,0.0015863665443688934,0.01772492850761535,0.014144885445411174,0.00018574326257648143,7.746002385349522e-05,0.0002224701510912257,1.1977228690960084,0.006554448821898844,0.030946999303989715,0.1750607484183897,0.5189429129235608,0.08486010231244405
67.0,68.998046875,preictal,0.9548746218482943,0.7222795378461869,0.30808080808080807,0.0019210663116302179,0.0182419564586871,0.014417241664142206,0.00018687404107811263,7.744795556917509e-05,0.00031130003171524233,1.66581920153329,0.008854847770361291,0.035485067130505886,0.1555104356333261,0.4590574947303997,0.0872003522744691
68.0,69.998046875,preictal,1.0493693267246411,0.7820161036577703,0.3188334962528511,0.0016453127845962835,0.01890087055954224,0.014700422074420036,0.0001577517944084925,8.772056540430635e-05,0.0006223617119028593,3.945170760597031,0.017233043166499123,0.03423051572025324,0.1928889329646505,0.37990547401914043,0.08919659353431117
69.0,70.998046875,preictal,1.1195027869610004,0.8219791097282254,0.3265721733463669,0.001653751833401996,0.01953770918238599,0.01463993739347047,0.0001734861921287535,6.846562532945918e-05,0.0005880567323358878,3.3896262030655353,0.01604021135774964,0.035528590319878435,0.17686238077157326,0.38065407895545045,0.08854007439576936
70.0,71.998046875,preictal,1.1860048794458489,0.8577695471845469,0.3333333333333333,0.001872525349149234,0.020955357767554948,0.014570157721318026,0.00016068758986370626,7.775465791894175e-05,0.0003551747060950669,2.2103293481903163,0.009348754894871622,0.032476189255266075,0.14319918545356275,0.548839054021418,0.08517694934106128
71.0,72.998046875,preictal,1.277258145128967,0.9049734826331015,0.3391984359726295,0.001731465596718746,0.021791674338541994,0.014427932520356575,0.00016762909836010517,6.819672577614475e-05,0.0004042027271049595,2.4112777541694568,0.010473987683303872,0.0331388355514949,0.14123215132831407,0.5078387882468938,0.08571265262037475
72.0,73.998046875,preictal,1.3780850725894351,0.9566121764631031,0.34799608993157377,0.0020188358040289446,0.02236189181020201,0.014611501404723346,0.00013720867590899177,6.683549225540321e-05,0.00044726349204595074,3.2597081006343243,0.01128212864516927,0.03627146300186711,0.12646804042853857,0.31516815075035315,0.08740835067945374
73.0,74.998046875,preictal,1.472173424511963,1.0064615708352624,0.35540892798957313,0.0017524104201067992,0.022769031402263232,0.014393211972348462,0.00015289557319988126,7.381887656007477e-05,0.00045825875245283817,2.9971813158543315,0.011572299428882268,0.027258861674410505,0.12312136164711808,0.3686831413443668,0.08479911910831343
74.0,75.998046875,ictal,1.5694492370798192,1.0416909264261884,0.3572825024437927,0.0017673333048287207,0.02334683983721689,0.015159152126955804,0.0001457358409965226,7.171347679716089e-05,0.0004916879716300987,3.3738069815979532,0.01199752110873328,0.03215752759078156,0.1319168482648881,0.5679585235233422,0.08515819193171702
75.0,76.998046875,ictal,1.7443525850093,1.05370908487116,0.3384652981427175,0.0018991008467859189,0.0246368340504355,0.016573040648670895,0.0002502296652486408,8.291808169818497e-05,0.0004963441479161891,1.983546450723769,0.011296346129711766,0.02566923057180053,0.1762464475610048,0.5732528957356143,0.0864789044198484
76.0,77.998046875,ictal,2.102716681586822,1.0545374809916923,0.3006679700228087,0.002107610142567504,0.02505491847214353,0.018516366050885216,0.0002099011086177569,8.064495394502528e-05,0.00045782458693348804,2.1811338149404276,0.009861114454302017,0.030166431752033988,0.3185410466801554,0.5132487652263413,0.08475762905275316
77.0,78.998046875,ictal,2.703881512459367,1.0582921677095312,0.2524437927663734,0.0031299051790481523,0.024892426796478972,0.021330671959760034,0.00028674189447731223,6.533732638302585e-05,0.0005130213405930043,1.789133577409695,0.010215864089622077,0.033022117517041365,0.49359860732842825,0.6464985847063244,0.08444235762530575
78.0,79.998046875,ictal,3.185669799413501,1.0595107674775168,0.21407624633431085,0.0025882144890989165,0.024401711511165203,0.021252301499643637,0.0002383195717993823,5.8339497392940256e-05,0.0005539761378496487,2.3244998686726235,0.011284249807803046,0.037398450950944996,0.6248230522831487,0.7856216194442804,0.08444072022882666
79.0,80.998046875,ictal,3.4176758723128824,1.058303486296183,0.19778429455848812,0.0027836691726580583,0.02388129832178168,0.022836754595610007,0.0002665205750876425,7.28265500874873e-05,0.0004925621931823097,1.8481137709783393,0.009785945691057207,0.04140268232014522,0.6459171576883567,0.7910120903184564,0.0850545505640708
80.0,81.998046875,ictal,3.483901794869457,1.0546496949332207,0.19338546757901598,0.0029418890876498644,0.023451524644215366,0.023090785948642736,0.0001823486212126402,9.277054713185402e-05,0.000479074334022485,2.6272296637448473,0.009536020046313301,0.04304413183983146,0.6063309490690999,0.7133896122421485,0.08606659296017778
81.0,82.998046875,ictal,3.465072200690669,1.0575759810736274,0.19248941023134572,0.0026370767027549175,0.02473479102113527,0.023480961975291873,0.00022348333887457888,9.794830328782047e-05,0.0004810536472958675,2.1525161437188602,0.009312761679778658,0.039833958407086575,0.5888070257092443,0.7184256387233505,0.08499472248590025
82.0,83.998046875,ictal,3.4673490268899774,1.058847792882703,0.19599217986314763,0.0027996905765442404,0.02449139253415503,0.02347652413725446,0.00018734216027951566,7.421192496818975e-05,0.00047917239820535295,2.5577256062640803,0.00930281284968783,0.038883724522268744,0.5869635293918171,0.7998536571418866,0.08534082625216612
83.0,84.998046875,ictal,3.4501634945972097,1.0585265839950726,0.2006353861192571,0.002445692847847672,0.024055646316494563,0.023256770610427396,0.0001833854674523259,8.136164609646127e-05,0.0004624994858678562,2.5219935379806038,0.009161061938017247,0.04369303342027898,0.5852016528034064,0.7915012130034174,0.08511934990255846
84.0,85.998046875,ictal,3.4606488213047597,1.0623189276430798,0.20112414467253178,0.002450973481119971,0.0234435063372691,0.023359922744238763,0.0002118012808032463,6.668570784510182e-05,0.00047792471183188626,2.2564663138630427,0.009556427131161793,0.042206335045354794,0.5846644355802706,0.7050432424561047,0.08552664694951298
85.0,86.998046875,ictal,3.468902215104171,1.0606127996003867,0.20087976539589444,0.0029524065023400197,0.024127989674550664,0.023287292339619004,0.0002541515666237928,8.771261481970283e-05,0.00043194027678564005,1.6995314370561365,0.008445984722288238,0.042033375681049874,0.5879288636255074,0.7186774283516496,0.08554912372762033
86.0,87.998046875,ictal,3.485420310248324,1.062704697394217,0.20039100684261976,0.0025945260086872013,0.02478322749646186,0.02373761599223888,0.00018799276465846304,6.900856919948986e-05,0.0004230648987247879,2.250419845005974,0.008167995588692228,0.03854604585306407,0.5876908283285667,0.8036073366586675,0.08474288526354323
87.0,88.998046875,ictal,3.4695378096581417,1.066947501359353,0.20299771912675138,0.0029024037625850346,0.0243905491763593,0.024110250304574237,0.0002096740448385212,9.495134700142832e-05,0.00049709767916343,2.3708003951841956,0.009522045230875196,0.04157198487123874,0.5829646917154807,0.7850806018314804,0.08570187114911329
88.0,89.998046875,ictal,3.4490705447234826,1.064280569698118,0.19892473118279572,0.0019505228432271995,0.023378146705395092,0.02364725097510141,0.00017713188701798627,8.136227147631849e-05,0.0004885343899798227,2.758010656317121,0.009825128824224424,0.03921571084942667,0.5882113231260491,0.7027484796127468,0.08606734423792929
