timestamp_seconds,raw_count,millivolts,lead_off,source
0.0,1133,913.0441318373838,False,simulated-ad8232
0.004,1159,934.3373479377253,False,simulated-ad8232
0.008,1210,975.5282650371003,False,simulated-ad8232
0.012,1292,1041.9452189968133,False,simulated-ad8232
0.016,1383,1114.69189222191,False,simulated-ad8232
0.02,1458,1175.1168153571612,False,simulated-ad8232
0.024,1503,1211.4346213485608,False,simulated-ad8232
0.028,1474,1187.8480516874572,False,simulated-ad8232
0.032,1397,1126.4910648820667,False,simulated-ad8232
0.036000000000000004,1304,1051.6348465559574,False,simulated-ad8232
0.04,1223,985.9407995214319,False,simulated-ad8232
0.044,1172,945.2165180166973,False,simulated-ad8232
0.048,1140,919.2334043048781,False,simulated-ad8232
0.052000000000000005,1124,906.5315475809949,False,simulated-ad8232
0.056,1116,899.3776458929991,False,simulated-ad8232
0.06,1113,897.2355539433646,False,simulated-ad8232
0.064,1119,902.1568229333626,False,simulated-ad8232
0.068,1124,906.5805401221472,False,simulated-ad8232
0.07200000000000001,1119,901.7914309694296,False,simulated-ad8232
0.076,1118,901.5909945153609,False,simulated-ad8232
0.08,1122,904.6534092401301,False,simulated-ad8232
0.084,1113,897.3645430396119,False,simulated-ad8232
0.088,1120,902.7492103074408,False,simulated-ad8232
0.092,1125,906.9689279821313,False,simulated-ad8232
0.096,1128,909.7168079912406,False,simulated-ad8232
0.1,1125,906.6913114106902,False,simulated-ad8232
0.10400000000000001,1130,910.8023481782084,False,simulated-ad8232
0.108,1131,912.1243722650414,False,simulated-ad8232
0.112,1136,916.2554105648715,False,simulated-ad8232
0.116,1130,910.7755453977984,False,simulated-ad8232
0.12,1141,919.6447598309675,False,simulated-ad8232
0.124,1133,913.4190543666803,False,simulated-ad8232
0.128,1130,910.9788571825577,False,simulated-ad8232
0.132,1142,920.8024830810067,False,simulated-ad8232
0.136,1142,921.0492102298125,False,simulated-ad8232
0.14,1153,929.3459706692979,False,simulated-ad8232
0.14400000000000002,1153,929.2333775369364,False,simulated-ad8232
0.148,1144,922.0240538020882,False,simulated-ad8232
0.152,1154,930.2177729043505,False,simulated-ad8232
0.156,1144,922.3952051918017,False,simulated-ad8232
0.16,1148,925.3528723521778,False,simulated-ad8232
0.164,1146,923.6260461479538,False,simulated-ad8232
0.168,1146,924.27931164245,False,simulated-ad8232
0.17200000000000001,1149,926.1450778244217,False,simulated-ad8232
0.176,1147,924.6133243185678,False,simulated-ad8232
0.18,1145,922.8914046711003,False,simulated-ad8232
0.184,1146,923.8555437615967,False,simulated-ad8232
0.188,1145,923.3358112642204,False,simulated-ad8232
0.192,1141,919.5324842827786,False,simulated-ad8232
0.196,1141,920.2716289629606,False,simulated-ad8232
0.2,1145,922.8538403655822,False,simulated-ad8232
0.20400000000000001,1152,928.8072990134369,False,simulated-ad8232
0.20800000000000002,1151,928.3454444551157,False,simulated-ad8232
0.212,1168,941.6469444438936,False,simulated-ad8232
0.216,1156,932.3580657221297,False,simulated-ad8232
0.22,1160,934.8861235418202,False,simulated-ad8232
0.224,1174,946.2509823678553,False,simulated-ad8232
0.228,1182,952.9366148034416,False,simulated-ad8232
0.232,1183,953.443172482537,False,simulated-ad8232
0.23600000000000002,1189,958.9523900801913,False,simulated-ad8232
0.24,1198,965.4366718964848,False,simulated-ad8232
0.244,1195,963.3257555801778,False,simulated-ad8232
0.248,1193,961.7448037315611,False,simulated-ad8232
0.252,1202,968.7259924880108,False,simulated-ad8232
0.256,1213,977.6901917353879,False,simulated-ad8232
0.26,1204,970.6659541762392,False,simulated-ad8232
0.264,1214,978.6152201352685,False,simulated-ad8232
0.268,1217,980.9649721937535,False,simulated-ad8232
0.272,1215,979.5564019854119,False,simulated-ad8232
0.276,1220,983.9556118692416,False,simulated-ad8232
0.28,1219,982.9969749335482,False,simulated-ad8232
0.28400000000000003,1227,988.9529108724229,False,simulated-ad8232
0.28800000000000003,1216,980.5462604949342,False,simulated-ad8232
0.292,1207,973.472456632728,False,simulated-ad8232
0.296,1204,971.0022960436684,False,simulated-ad8232
0.3,1199,966.8197819607554,False,simulated-ad8232
0.304,1204,970.4784705972924,False,simulated-ad8232
0.308,1192,960.6268447930815,False,simulated-ad8232
0.312,1189,958.6171438787175,False,simulated-ad8232
0.316,1188,957.7565086508565,False,simulated-ad8232
0.32,1175,947.6593187236645,False,simulated-ad8232
0.324,1172,945.1764287365756,False,simulated-ad8232
0.328,1160,934.8528386629828,False,simulated-ad8232
0.332,1158,933.8813636350095,False,simulated-ad8232
0.336,1156,932.1086489667706,False,simulated-ad8232
0.34,1157,932.4253645164798,False,simulated-ad8232
0.34400000000000003,1156,932.1633905729295,False,simulated-ad8232
0.34800000000000003,1146,924.2077669994638,False,simulated-ad8232
0.352,1144,922.4964985824429,False,simulated-ad8232
0.356,1141,919.5737000894525,False,simulated-ad8232
0.36,1142,920.9702169082823,False,simulated-ad8232
0.364,1139,918.2042134415983,False,simulated-ad8232
0.368,1134,913.9820119352578,False,simulated-ad8232
0.372,1125,907.3400820065324,False,simulated-ad8232
0.376,1133,913.7150201073823,False,simulated-ad8232
0.38,1129,910.5436542539269,False,simulated-ad8232
0.384,1132,913.0243638333498,False,simulated-ad8232
0.388,1125,907.2521637089133,False,simulated-ad8232
0.392,1134,914.5770847378573,False,simulated-ad8232
0.396,1122,904.8405688981327,False,simulated-ad8232
0.4,1132,912.2604921526587,False,simulated-ad8232
0.404,1124,906.0456363820107,False,simulated-ad8232
0.40800000000000003,1120,903.2874405460437,False,simulated-ad8232
0.41200000000000003,1117,900.664009752465,False,simulated-ad8232
0.41600000000000004,1122,904.4460887276296,False,simulated-ad8232
0.42,1130,910.6538367294486,False,simulated-ad8232
0.424,1126,908.1666066150003,False,simulated-ad8232
0.428,1126,907.6210186129632,False,simulated-ad8232
0.432,1111,895.3449513140256,False,simulated-ad8232
0.436,1126,907.6896079815112,False,simulated-ad8232
0.44,1125,907.0774386267652,False,simulated-ad8232
0.444,1120,902.6708970985013,False,simulated-ad8232
0.448,1119,902.3838450630412,False,simulated-ad8232
0.452,1122,904.9115140349659,False,simulated-ad8232
0.456,1131,911.8509931356915,False,simulated-ad8232
0.46,1117,900.7642427234988,False,simulated-ad8232
0.464,1120,903.3083088157517,False,simulated-ad8232
0.468,1129,910.5027590979947,False,simulated-ad8232
0.47200000000000003,1120,903.3079353836067,False,simulated-ad8232
0.47600000000000003,1121,903.6730020811342,False,simulated-ad8232
0.48,1123,905.5589347260926,False,simulated-ad8232
0.484,1117,900.2407032456156,False,simulated-ad8232
0.488,1124,906.1237836797104,False,simulated-ad8232
0.492,1117,900.4437123147591,False,simulated-ad8232
0.496,1127,908.8611473921545,False,simulated-ad8232
0.5,1123,905.3712058944499,False,simulated-ad8232
0.504,1134,914.5302708078281,False,simulated-ad8232
0.508,1124,906.5578874177729,False,simulated-ad8232
0.512,1130,910.9351710539225,False,simulated-ad8232
0.516,1117,900.29714486245,False,simulated-ad8232
0.52,1123,905.059325871417,False,simulated-ad8232
0.524,1125,906.8780396293649,False,simulated-ad8232
0.528,1132,912.6058031621974,False,simulated-ad8232
0.532,1115,898.9366050110619,False,simulated-ad8232
0.536,1128,909.6599820716457,False,simulated-ad8232
0.54,1126,908.1000381000657,False,simulated-ad8232
0.544,1131,911.9058085852192,False,simulated-ad8232
0.548,1127,908.6580497690397,False,simulated-ad8232
0.552,1124,906.0535576098674,False,simulated-ad8232
0.556,1121,903.7953199037481,False,simulated-ad8232
0.56,1117,900.925724945889,False,simulated-ad8232
0.5640000000000001,1125,906.7365390949262,False,simulated-ad8232
0.5680000000000001,1123,905.2243433255745,False,simulated-ad8232
0.5720000000000001,1134,914.1083595182038,False,simulated-ad8232
0.5760000000000001,1121,903.619227271974,False,simulated-ad8232
0.58,1125,907.3808062964633,False,simulated-ad8232
0.584,1116,899.8590207459928,False,simulated-ad8232
0.588,1122,904.5888380645624,False,simulated-ad8232
0.592,1125,907.2508155652376,False,simulated-ad8232
0.596,1128,909.5374727482905,False,simulated-ad8232
0.6,1131,912.0693203604056,False,simulated-ad8232
0.604,1124,906.1354733620818,False,simulated-ad8232
0.608,1119,901.8781098254316,False,simulated-ad8232
0.612,1127,908.2133843170963,False,simulated-ad8232
0.616,1127,908.4846938792945,False,simulated-ad8232
0.62,1127,908.4180103011103,False,simulated-ad8232
0.624,1121,903.6847255460294,False,simulated-ad8232
0.628,1130,911.0537806088483,False,simulated-ad8232
0.632,1125,906.9060598973579,False,simulated-ad8232
0.636,1128,909.3878738347062,False,simulated-ad8232
0.64,1131,911.718832563328,False,simulated-ad8232
0.644,1128,909.093457606229,False,simulated-ad8232
0.648,1126,907.8361249304909,False,simulated-ad8232
0.652,1135,915.3347973376109,False,simulated-ad8232
0.656,1126,907.7318465370547,False,simulated-ad8232
0.66,1123,905.6064571314294,False,simulated-ad8232
0.664,1125,907.2713229345077,False,simulated-ad8232
0.668,1132,912.7875305336439,False,simulated-ad8232
0.672,1125,907.3641665618387,False,simulated-ad8232
0.676,1127,908.9995469954063,False,simulated-ad8232
0.68,1131,911.7375402332691,False,simulated-ad8232
0.684,1122,904.9356157979277,False,simulated-ad8232
0.6880000000000001,1116,900.1130639347018,False,simulated-ad8232
0.6920000000000001,1127,908.2491847385602,False,simulated-ad8232
0.6960000000000001,1126,908.0024361129148,False,simulated-ad8232
0.7000000000000001,1122,904.6833160578495,False,simulated-ad8232
0.704,1130,910.6314165136561,False,simulated-ad8232
0.708,1128,909.6089084458883,False,simulated-ad8232
0.712,1120,903.2300902850296,False,simulated-ad8232
0.716,1128,909.3142072229534,False,simulated-ad8232
0.72,1124,906.4880388886339,False,simulated-ad8232
0.724,1118,901.3713340857286,False,simulated-ad8232
0.728,1128,909.1460630721226,False,simulated-ad8232
0.732,1125,907.1840805065382,False,simulated-ad8232
0.736,1122,904.4143335621715,False,simulated-ad8232
0.74,1128,909.5176222997405,False,simulated-ad8232
0.744,1128,909.4084358600664,False,simulated-ad8232
0.748,1123,905.1759842620863,False,simulated-ad8232
0.752,1128,909.1174587786616,False,simulated-ad8232
0.756,1131,911.6060729599791,False,simulated-ad8232
0.76,1122,904.7247554428654,False,simulated-ad8232
0.764,1128,909.1284358389686,False,simulated-ad8232
0.768,1126,907.6451969523273,False,simulated-ad8232
0.772,1137,916.7273587015468,False,simulated-ad8232
0.776,1117,900.2431096273705,False,simulated-ad8232
0.78,1129,910.5024703708065,False,simulated-ad8232
0.784,1124,906.5265443917928,False,simulated-ad8232
0.788,1125,907.3896913844208,False,simulated-ad8232
0.792,1136,915.4852995812113,False,simulated-ad8232
0.796,1126,908.162044839347,False,simulated-ad8232
0.8,1139,918.3490618424138,False,simulated-ad8232
0.804,1131,911.521526954133,False,simulated-ad8232
0.808,1148,925.4462201561266,False,simulated-ad8232
0.812,1174,946.5379958482189,False,simulated-ad8232
0.8160000000000001,1229,991.0965684444508,False,simulated-ad8232
0.8200000000000001,1317,1061.4051838088624,False,simulated-ad8232
0.8240000000000001,1410,1136.8633490866202,False,simulated-ad8232
0.8280000000000001,1488,1199.6100788952704,False,simulated-ad8232
0.8320000000000001,1500,1209.1677148269498,False,simulated-ad8232
0.836,1481,1193.5301027437633,False,simulated-ad8232
0.84,1385,1116.8177272736953,False,simulated-ad8232
0.844,1300,1048.1547300589943,False,simulated-ad8232
0.848,1210,975.332041071201,False,simulated-ad8232
0.852,1168,941.4671875958959,False,simulated-ad8232
0.856,1157,933.1171028723509,False,simulated-ad8232
0.86,1127,908.7766250380213,False,simulated-ad8232
0.864,1121,903.5300858348097,False,simulated-ad8232
0.868,1125,906.642495670448,False,simulated-ad8232
0.872,1130,910.6958923369357,False,simulated-ad8232
0.876,1131,911.7704629152327,False,simulated-ad8232
0.88,1134,914.461134867542,False,simulated-ad8232
0.884,1127,908.6819347073522,False,simulated-ad8232
0.888,1121,903.8393075682193,False,simulated-ad8232
0.892,1128,909.1997872842317,False,simulated-ad8232
0.896,1137,916.7705695518065,False,simulated-ad8232
0.9,1135,914.7416619252025,False,simulated-ad8232
0.904,1124,906.3347880727972,False,simulated-ad8232
0.908,1136,915.5245669227625,False,simulated-ad8232
0.912,1145,922.9695048581092,False,simulated-ad8232
0.916,1151,927.7801071893797,False,simulated-ad8232
0.92,1146,923.5606220178896,False,simulated-ad8232
0.924,1147,924.6746905528147,False,simulated-ad8232
0.928,1142,920.6098022359665,False,simulated-ad8232
0.932,1146,924.2556302129153,False,simulated-ad8232
0.936,1153,929.7099087258621,False,simulated-ad8232
0.9400000000000001,1157,933.1782063393842,False,simulated-ad8232
0.9440000000000001,1160,934.8038043950655,False,simulated-ad8232
0.9480000000000001,1155,931.5061334604212,False,simulated-ad8232
0.9520000000000001,1153,929.3343127000256,False,simulated-ad8232
0.9560000000000001,1155,930.9396725163267,False,simulated-ad8232
0.96,1152,929.1465189575649,False,simulated-ad8232
0.964,1161,935.745286179406,False,simulated-ad8232
0.968,1145,923.0772620240423,False,simulated-ad8232
0.972,1154,930.0080946064461,False,simulated-ad8232
0.976,1156,932.1290068766781,False,simulated-ad8232
0.98,1160,935.4951329452078,False,simulated-ad8232
0.984,1152,928.969558449429,False,simulated-ad8232
0.988,1156,932.2647138595474,False,simulated-ad8232
0.992,1149,926.6178610428858,False,simulated-ad8232
0.996,1148,925.6306168135621,False,simulated-ad8232
1.0,1150,926.7846791503628,False,simulated-ad8232
1.004,1162,936.9638709670339,False,simulated-ad8232
1.008,1162,936.7010236635276,False,simulated-ad8232
1.012,1162,937.0224054573416,False,simulated-ad8232
1.016,1180,951.1884354999837,False,simulated-ad8232
1.02,1167,940.93266567982,False,simulated-ad8232
1.024,1175,947.0820346493857,False,simulated-ad8232
1.028,1178,949.6486950331397,False,simulated-ad8232
1.032,1180,951.5555718266115,False,simulated-ad8232
1.036,1198,965.8618630297342,False,simulated-ad8232
1.04,1199,966.8245882149731,False,simulated-ad8232
1.044,1190,959.3626664315804,False,simulated-ad8232
1.048,1200,967.3979516318398,False,simulated-ad8232
1.052,1209,974.5349110366693,False,simulated-ad8232
1.056,1215,979.481426408086,False,simulated-ad8232
1.06,1208,974.1048902640531,False,simulated-ad8232
1.064,1207,973.1761026064107,False,simulated-ad8232
1.068,1212,976.7582553693752,False,simulated-ad8232
1.072,1223,985.7177156427585,False,simulated-ad8232
1.076,1224,986.6014044191021,False,simulated-ad8232
1.08,1226,988.7759420926377,False,simulated-ad8232
1.084,1221,984.0567042997964,False,simulated-ad8232
1.088,1217,981.3448207827175,False,simulated-ad8232
1.092,1211,976.6440566027997,False,simulated-ad8232
1.096,1221,983.9722257379257,False,simulated-ad8232
1.1,1217,981.5295026833036,False,simulated-ad8232
1.104,1217,980.95058317353,False,simulated-ad8232
1.108,1211,976.6763479537151,False,simulated-ad8232
1.112,1202,968.9659867129722,False,simulated-ad8232
1.116,1205,971.1020267980108,False,simulated-ad8232
1.12,1192,960.9761308061614,False,simulated-ad8232
1.124,1184,954.6135108081946,False,simulated-ad8232
1.1280000000000001,1179,950.9024090941342,False,simulated-ad8232
1.1320000000000001,1174,946.433745132361,False,simulated-ad8232
1.1360000000000001,1161,936.0187698299361,False,simulated-ad8232
1.1400000000000001,1168,941.3873957985384,False,simulated-ad8232
1.1440000000000001,1164,938.0553283120815,False,simulated-ad8232
1.1480000000000001,1156,932.1456575004765,False,simulated-ad8232
1.1520000000000001,1151,927.5458789000446,False,simulated-ad8232
1.156,1152,928.9758717668459,False,simulated-ad8232
1.16,1156,931.7294859296057,False,simulated-ad8232
1.164,1144,922.6721080593534,False,simulated-ad8232
1.168,1139,918.4210629502927,False,simulated-ad8232
1.172,1137,916.2805158447894,False,simulated-ad8232
1.176,1137,916.8072273834086,False,simulated-ad8232
1.18,1130,910.6928311640559,False,simulated-ad8232
1.184,1134,914.1210766990888,False,simulated-ad8232
1.188,1134,913.9199068967872,False,simulated-ad8232
1.192,1141,920.2681482127896,False,simulated-ad8232
1.196,1136,916.017878713381,False,simulated-ad8232
1.2,1136,915.8552408536083,False,simulated-ad8232
1.204,1127,908.4448801740571,False,simulated-ad8232
1.208,1133,913.6398678119206,False,simulated-ad8232
1.212,1124,906.1374845293766,False,simulated-ad8232
1.216,1131,911.7362141330793,False,simulated-ad8232
1.22,1131,912.0041704653736,False,simulated-ad8232
1.224,1125,907.1425574086584,False,simulated-ad8232
1.228,1139,918.1149614632966,False,simulated-ad8232
1.232,1132,912.3199665152815,False,simulated-ad8232
1.236,1119,902.3910709356086,False,simulated-ad8232
1.24,1131,912.1791442278854,False,simulated-ad8232
1.244,1127,908.3145796021693,False,simulated-ad8232
1.248,1129,909.9343719815424,False,simulated-ad8232
1.252,1131,911.7825943418304,False,simulated-ad8232
1.256,1131,911.4767516830523,False,simulated-ad8232
1.26,1118,901.7562925381816,False,simulated-ad8232
1.264,1123,905.2801622151683,False,simulated-ad8232
1.268,1132,913.0060578021836,False,simulated-ad8232
1.272,1135,915.123565760942,False,simulated-ad8232
1.276,1138,917.5352435950477,False,simulated-ad8232
1.28,1138,917.139614991427,False,simulated-ad8232
1.284,1118,901.7093397193146,False,simulated-ad8232
1.288,1132,913.0140563008763,False,simulated-ad8232
1.292,1119,902.2756104203196,False,simulated-ad8232
1.296,1137,916.3997526343602,False,simulated-ad8232
1.3,1130,910.9632150222967,False,simulated-ad8232
1.304,1123,905.3894678368107,False,simulated-ad8232
1.308,1139,917.9979090782645,False,simulated-ad8232
1.312,1132,912.5381736176963,False,simulated-ad8232
1.316,1119,902.4014925562484,False,simulated-ad8232
1.32,1130,911.1435654831395,False,simulated-ad8232
1.324,1125,907.048541153959,False,simulated-ad8232
1.328,1129,910.4214907117886,False,simulated-ad8232
1.332,1126,908.1185368750652,False,simulated-ad8232
1.336,1136,915.4760948579174,False,simulated-ad8232
1.34,1122,904.2915744725395,False,simulated-ad8232
1.344,1130,911.2567376882675,False,simulated-ad8232
1.348,1138,917.2460633487186,False,simulated-ad8232
1.352,1125,906.6834575470865,False,simulated-ad8232
1.356,1130,910.8356778576821,False,simulated-ad8232
1.36,1130,910.8026696905746,False,simulated-ad8232
1.364,1125,907.2372298427889,False,simulated-ad8232
1.368,1132,912.5887840119601,False,simulated-ad8232
1.372,1129,910.3863769867785,False,simulated-ad8232
1.3760000000000001,1124,906.2238675689288,False,simulated-ad8232
1.3800000000000001,1137,917.0475591068196,False,simulated-ad8232
1.3840000000000001,1133,913.1663071299139,False,simulated-ad8232
1.3880000000000001,1128,909.3315671685853,False,simulated-ad8232
1.3920000000000001,1126,907.4532390291394,False,simulated-ad8232
1.3960000000000001,1125,906.862226106231,False,simulated-ad8232
1.4000000000000001,1135,914.9229743325535,False,simulated-ad8232
1.4040000000000001,1128,909.4126267118994,False,simulated-ad8232
1.408,1131,911.8354170474537,False,simulated-ad8232
1.412,1128,909.2587574024246,False,simulated-ad8232
1.416,1132,912.4609374734231,False,simulated-ad8232
1.42,1128,909.5298939022449,False,simulated-ad8232
1.424,1133,913.0475322121616,False,simulated-ad8232
1.428,1128,909.2573748880426,False,simulated-ad8232
1.432,1133,913.3064650652948,False,simulated-ad8232
1.436,1132,912.6753452511595,False,simulated-ad8232
1.44,1128,909.5168581827196,False,simulated-ad8232
1.444,1124,906.5414726813225,False,simulated-ad8232
1.448,1124,906.2171816801582,False,simulated-ad8232
1.452,1125,907.0115901624745,False,simulated-ad8232
1.456,1124,906.0332585359405,False,simulated-ad8232
1.46,1133,913.4308623935926,False,simulated-ad8232
1.464,1128,909.7775310637784,False,simulated-ad8232
1.468,1136,916.2404039115681,False,simulated-ad8232
1.472,1140,919.0731751624118,False,simulated-ad8232
1.476,1129,910.0483978338611,False,simulated-ad8232
1.48,1121,903.7548875748295,False,simulated-ad8232
1.484,1127,908.4163871224731,False,simulated-ad8232
1.488,1128,909.6358489725166,False,simulated-ad8232
1.492,1121,903.978311279717,False,simulated-ad8232
1.496,1127,908.9247423055025,False,simulated-ad8232
1.5,1130,911.0689322497124,False,simulated-ad8232
1.504,1126,908.0776641847893,False,simulated-ad8232
1.508,1125,906.8356975104814,False,simulated-ad8232
1.512,1125,906.8681969948244,False,simulated-ad8232
1.516,1137,917.0435791102644,False,simulated-ad8232
1.52,1128,909.2516774787624,False,simulated-ad8232
1.524,1124,906.5637565424332,False,simulated-ad8232
1.528,1127,908.3848963685443,False,simulated-ad8232
1.532,1133,913.6866755656015,False,simulated-ad8232
1.536,1125,907.1231573784154,False,simulated-ad8232
1.54,1131,911.781705783417,False,simulated-ad8232
1.544,1132,912.7580616589353,False,simulated-ad8232
1.548,1132,912.8349969946751,False,simulated-ad8232
1.552,1135,915.4291068021868,False,simulated-ad8232
1.556,1126,907.620001467302,False,simulated-ad8232
1.56,1134,914.3442610923643,False,simulated-ad8232
1.564,1125,906.633114671691,False,simulated-ad8232
1.568,1127,908.2093683976873,False,simulated-ad8232
1.572,1134,914.5706758283428,False,simulated-ad8232
1.576,1133,913.0664381519206,False,simulated-ad8232
1.58,1128,909.7758421085692,False,simulated-ad8232
1.584,1123,904.9930099843408,False,simulated-ad8232
1.588,1131,912.0026453529102,False,simulated-ad8232
1.592,1125,907.2686611915374,False,simulated-ad8232
1.596,1124,906.3075769578137,False,simulated-ad8232
1.6,1127,908.3362585577171,False,simulated-ad8232
1.604,1135,915.1610051148605,False,simulated-ad8232
1.608,1135,915.0451084384433,False,simulated-ad8232
1.612,1175,947.0843530197266,False,simulated-ad8232
1.616,1227,988.8415264736352,False,simulated-ad8232
1.62,1304,1051.119940963409,False,simulated-ad8232
1.624,1408,1135.037098819076,False,simulated-ad8232
1.6280000000000001,1486,1197.8785730423685,False,simulated-ad8232
1.6320000000000001,1510,1217.167260677531,False,simulated-ad8232
1.6360000000000001,1475,1189.1848588890225,False,simulated-ad8232
1.6400000000000001,1399,1128.1623796816648,False,simulated-ad8232
1.6440000000000001,1293,1042.023528012431,False,simulated-ad8232
1.6480000000000001,1219,982.8869258802458,False,simulated-ad8232
1.6520000000000001,1167,940.8312335169375,False,simulated-ad8232
1.6560000000000001,1145,922.713024084144,False,simulated-ad8232
1.6600000000000001,1134,914.5759131365282,False,simulated-ad8232
1.6640000000000001,1130,910.9378359176314,False,simulated-ad8232
1.668,1134,914.5662974416958,False,simulated-ad8232
1.672,1130,910.8689147532272,False,simulated-ad8232
1.676,1127,908.8480648057115,False,simulated-ad8232
1.68,1123,905.5296475337312,False,simulated-ad8232
1.684,1133,913.6350190058158,False,simulated-ad8232
1.688,1133,913.3650369646693,False,simulated-ad8232
1.692,1138,917.7166941665794,False,simulated-ad8232
1.696,1128,909.7662971779898,False,simulated-ad8232
1.7,1134,913.9078701638488,False,simulated-ad8232
1.704,1135,914.8316162475726,False,simulated-ad8232
1.708,1136,916.2023101794749,False,simulated-ad8232
1.712,1139,918.2929717681841,False,simulated-ad8232
1.716,1133,913.277729780457,False,simulated-ad8232
1.72,1148,925.4617067607219,False,simulated-ad8232
1.724,1150,926.8798881676927,False,simulated-ad8232
1.728,1155,930.8966211779788,False,simulated-ad8232
1.732,1163,937.3955383353659,False,simulated-ad8232
1.736,1152,928.9673193629752,False,simulated-ad8232
1.74,1156,931.6805758128016,False,simulated-ad8232
1.744,1157,933.1072430601293,False,simulated-ad8232
1.748,1168,941.6861263572786,False,simulated-ad8232
1.752,1150,927.4201547364183,False,simulated-ad8232
1.756,1161,936.2969695851539,False,simulated-ad8232
1.76,1151,928.0953818805588,False,simulated-ad8232
1.764,1145,922.957800266245,False,simulated-ad8232
1.768,1146,924.2763614430302,False,simulated-ad8232
1.772,1148,925.786117893197,False,simulated-ad8232
1.776,1159,934.5379613143004,False,simulated-ad8232
1.78,1148,925.8504724018592,False,simulated-ad8232
1.784,1151,927.7006474817601,False,simulated-ad8232
1.788,1146,923.5648855502344,False,simulated-ad8232
1.792,1154,930.6719656757331,False,simulated-ad8232
1.796,1146,924.2879282417975,False,simulated-ad8232
1.8,1160,934.9278749450976,False,simulated-ad8232
1.804,1150,927.1542866958804,False,simulated-ad8232
1.808,1154,930.0391985368134,False,simulated-ad8232
1.812,1161,936.040740106543,False,simulated-ad8232
1.816,1164,938.5417061311255,False,simulated-ad8232
1.82,1175,947.4265217500442,False,simulated-ad8232
1.824,1173,945.8258586264249,False,simulated-ad8232
1.828,1171,944.3922106447036,False,simulated-ad8232
1.832,1180,951.0486885235782,False,simulated-ad8232
1.836,1185,955.1712394768015,False,simulated-ad8232
1.84,1196,964.5551979650677,False,simulated-ad8232
1.844,1200,967.3148412394983,False,simulated-ad8232
1.848,1202,969.2693570110084,False,simulated-ad8232
1.852,1212,976.9467616334418,False,simulated-ad8232
1.856,1209,974.7446056211812,False,simulated-ad8232
1.86,1215,979.292974688664,False,simulated-ad8232
1.864,1219,983.0575133165347,False,simulated-ad8232
1.868,1228,990.3995231897246,False,simulated-ad8232
1.872,1222,985.2517543834637,False,simulated-ad8232
1.8760000000000001,1222,984.9737933422421,False,simulated-ad8232
1.8800000000000001,1218,982.2775428954866,False,simulated-ad8232
1.8840000000000001,1226,988.6388304472948,False,simulated-ad8232
1.8880000000000001,1218,982.340934841003,False,simulated-ad8232
1.8920000000000001,1221,984.2553696561379,False,simulated-ad8232
1.8960000000000001,1207,972.899080081482,False,simulated-ad8232
1.9000000000000001,1218,981.7952160332314,False,simulated-ad8232
1.9040000000000001,1202,968.9704820436942,False,simulated-ad8232
1.9080000000000001,1200,967.4980867399582,False,simulated-ad8232
1.9120000000000001,1204,970.8641890910613,False,simulated-ad8232
1.9160000000000001,1187,957.1095275687032,False,simulated-ad8232
1.92,1188,957.8236711448526,False,simulated-ad8232
1.924,1183,954.087401446963,False,simulated-ad8232
1.928,1173,945.4727292384745,False,simulated-ad8232
1.932,1179,950.6086131390134,False,simulated-ad8232
1.936,1175,947.152278035682,False,simulated-ad8232
1.94,1153,929.3887898102524,False,simulated-ad8232
1.944,1151,927.8326450309193,False,simulated-ad8232
1.948,1158,933.4775528843478,False,simulated-ad8232
1.952,1144,921.9290007523289,False,simulated-ad8232
1.956,1145,922.7723336134738,False,simulated-ad8232
1.96,1144,922.3210794382948,False,simulated-ad8232
1.964,1144,922.3305148348602,False,simulated-ad8232
1.968,1137,916.7030439750972,False,simulated-ad8232
1.972,1137,916.2666518421563,False,simulated-ad8232
1.976,1130,911.3062495382584,False,simulated-ad8232
1.98,1139,918.3266379793376,False,simulated-ad8232
1.984,1129,910.1144176052724,False,simulated-ad8232
1.988,1132,912.5652637086367,False,simulated-ad8232
1.992,1127,908.4208563820525,False,simulated-ad8232
1.996,1129,910.2835119634266,False,simulated-ad8232
2.0,1127,908.6868901160556,False,simulated-ad8232
2.004,1127,908.3040305210415,False,simulated-ad8232
2.008,1122,904.5704919351887,False,simulated-ad8232
2.012,1131,911.54663744079,False,simulated-ad8232
2.016,1133,913.8042841570165,False,simulated-ad8232
2.02,1127,908.9494637884,False,simulated-ad8232
2.024,1130,910.7680877509948,False,simulated-ad8232
2.028,1130,911.078957305204,False,simulated-ad8232
2.032,1130,911.3468598358186,False,simulated-ad8232
2.036,1127,908.7722027285022,False,simulated-ad8232
2.04,1127,908.3435694734893,False,simulated-ad8232
2.044,1130,910.8953036482261,False,simulated-ad8232
2.048,1126,907.6660186316509,False,simulated-ad8232
2.052,1121,903.451346707722,False,simulated-ad8232
2.056,1126,907.4023159629988,False,simulated-ad8232
2.06,1116,899.7157206451559,False,simulated-ad8232
2.064,1125,907.2100421842163,False,simulated-ad8232
2.068,1127,908.8526367759569,False,simulated-ad8232
2.072,1131,912.109410909594,False,simulated-ad8232
2.076,1126,907.737479163638,False,simulated-ad8232
2.08,1130,910.8121431663188,False,simulated-ad8232
2.084,1125,907.0648304877056,False,simulated-ad8232
2.088,1120,902.9405505701287,False,simulated-ad8232
2.092,1118,901.3564191893906,False,simulated-ad8232
2.096,1120,903.0904400359102,False,simulated-ad8232
2.1,1118,901.4721501947596,False,simulated-ad8232
2.104,1128,909.4388376065176,False,simulated-ad8232
2.108,1124,906.0407000577775,False,simulated-ad8232
2.112,1128,909.119448493381,False,simulated-ad8232
2.116,1125,907.0988165325783,False,simulated-ad8232
2.12,1130,910.9480590004114,False,simulated-ad8232
2.124,1130,910.9792680416926,False,simulated-ad8232
2.128,1121,904.1236458782927,False,simulated-ad8232
2.132,1123,905.5740996497323,False,simulated-ad8232
2.136,1122,904.5062792800913,False,simulated-ad8232
2.14,1116,900.118440270634,False,simulated-ad8232
2.144,1128,909.2705173458744,False,simulated-ad8232
2.148,1130,911.2906538892804,False,simulated-ad8232
2.152,1124,906.4754535287025,False,simulated-ad8232
2.156,1122,904.4939576073004,False,simulated-ad8232
2.16,1130,910.795773685019,False,simulated-ad8232
2.164,1113,897.0175998906067,False,simulated-ad8232
2.168,1125,907.0725143952358,False,simulated-ad8232
2.172,1125,906.90078386667,False,simulated-ad8232
2.176,1121,904.0091246167257,False,simulated-ad8232
2.18,1131,911.8236270443289,False,simulated-ad8232
2.184,1129,910.1049186255694,False,simulated-ad8232
2.188,1123,905.1418686510565,False,simulated-ad8232
2.192,1124,905.804107764318,False,simulated-ad8232
2.196,1122,904.5630640716863,False,simulated-ad8232
2.2,1121,904.0308233424644,False,simulated-ad8232
2.204,1117,900.8105219044475,False,simulated-ad8232
2.208,1131,911.52701038148,False,simulated-ad8232
2.212,1129,910.0829891815135,False,simulated-ad8232
2.216,1128,909.1273037188485,False,simulated-ad8232
2.22,1118,901.5208230733327,False,simulated-ad8232
2.224,1134,914.1849550597345,False,simulated-ad8232
2.228,1133,913.7455231516946,False,simulated-ad8232
2.232,1124,906.540259244573,False,simulated-ad8232
2.236,1119,902.1341979837266,False,simulated-ad8232
2.24,1119,902.2482925826471,False,simulated-ad8232
2.244,1125,907.351022825145,False,simulated-ad8232
2.248,1119,901.9874709440826,False,simulated-ad8232
2.2520000000000002,1123,905.4652677563847,False,simulated-ad8232
2.2560000000000002,1129,909.9191592703386,False,simulated-ad8232
2.2600000000000002,1116,899.4996407118908,False,simulated-ad8232
2.2640000000000002,1133,913.5120926125114,False,simulated-ad8232
2.2680000000000002,1131,911.7181412704282,False,simulated-ad8232
2.2720000000000002,1117,900.4649824760533,False,simulated-ad8232
2.2760000000000002,1116,899.7206681509384,False,simulated-ad8232
2.2800000000000002,1122,904.2033433597618,False,simulated-ad8232
2.2840000000000003,1118,901.1741461934582,False,simulated-ad8232
2.2880000000000003,1122,904.2054154663372,False,simulated-ad8232
2.2920000000000003,1110,894.8970270366167,False,simulated-ad8232
2.2960000000000003,1122,904.2683279351603,False,simulated-ad8232
2.3000000000000003,1132,912.3558212241303,False,simulated-ad8232
2.3040000000000003,1117,900.6391704336936,False,simulated-ad8232
2.308,1121,903.9743233001459,False,simulated-ad8232
2.312,1115,899.0691075636554,False,simulated-ad8232
2.316,1126,907.5413372967472,False,simulated-ad8232
2.32,1121,904.0478511769302,False,simulated-ad8232
2.324,1132,912.672699623938,False,simulated-ad8232
2.328,1123,905.6976641292207,False,simulated-ad8232
2.332,1120,903.3420257790449,False,simulated-ad8232
2.336,1125,906.992176067571,False,simulated-ad8232
2.34,1120,902.7264166280236,False,simulated-ad8232
2.344,1116,899.3542408951016,False,simulated-ad8232
2.348,1124,905.8793134042465,False,simulated-ad8232
2.352,1121,903.9320002459415,False,simulated-ad8232
2.356,1123,905.2565939693877,False,simulated-ad8232
2.36,1124,906.0529274754718,False,simulated-ad8232
2.364,1119,902.4694908671995,False,simulated-ad8232
2.368,1124,906.156656460875,False,simulated-ad8232
2.372,1130,911.3806539564849,False,simulated-ad8232
2.376,1116,899.9583529342458,False,simulated-ad8232
2.38,1130,911.300903725227,False,simulated-ad8232
2.384,1120,903.3551813687294,False,simulated-ad8232
2.388,1118,901.3096471556366,False,simulated-ad8232
2.392,1134,914.4712926093363,False,simulated-ad8232
2.396,1125,907.0107432265805,False,simulated-ad8232
2.4,1138,917.219798868783,False,simulated-ad8232
2.404,1153,929.2681131979766,False,simulated-ad8232
2.408,1179,950.1970164222704,False,simulated-ad8232
2.412,1254,1011.3534376284051,False,simulated-ad8232
2.416,1343,1082.7323905734395,False,simulated-ad8232
2.42,1433,1154.8820013629938,False,simulated-ad8232
2.424,1490,1200.9543293047275,False,simulated-ad8232
2.428,1497,1206.4391919854843,False,simulated-ad8232
2.432,1436,1157.534292445929,False,simulated-ad8232
2.436,1340,1080.395773425304,False,simulated-ad8232
2.44,1246,1004.5908715647719,False,simulated-ad8232
2.444,1179,950.3481346601505,False,simulated-ad8232
2.448,1141,920.1127102941588,False,simulated-ad8232
2.452,1127,908.4375729344197,False,simulated-ad8232
2.456,1118,901.5676762428893,False,simulated-ad8232
2.46,1121,903.4107497119064,False,simulated-ad8232
2.464,1121,903.8305560998399,False,simulated-ad8232
2.468,1117,900.3938495160213,False,simulated-ad8232
2.472,1120,903.2449888668123,False,simulated-ad8232
2.476,1118,901.4350495880693,False,simulated-ad8232
2.48,1122,904.8844190824627,False,simulated-ad8232
2.484,1126,907.5049058480824,False,simulated-ad8232
2.488,1125,906.9382408489431,False,simulated-ad8232
2.492,1128,909.062580484161,False,simulated-ad8232
2.496,1118,901.7313590533105,False,simulated-ad8232
2.5,1127,908.2158227967569,False,simulated-ad8232
2.504,1132,912.4498499305391,False,simulated-ad8232
2.508,1136,915.7199920275484,False,simulated-ad8232
2.512,1127,908.7368124266864,False,simulated-ad8232
2.516,1138,917.842453186726,False,simulated-ad8232
2.52,1146,924.1375191826583,False,simulated-ad8232
2.524,1142,920.6458724128798,False,simulated-ad8232
2.528,1145,922.879011864267,False,simulated-ad8232
2.532,1149,926.7152433899244,False,simulated-ad8232
2.536,1150,927.2335038017724,False,simulated-ad8232
2.54,1153,929.8887442178543,False,simulated-ad8232
2.544,1151,928.0017875275199,False,simulated-ad8232
2.548,1152,928.4149350908087,False,simulated-ad8232
2.552,1147,924.3658767299677,False,simulated-ad8232
2.556,1149,926.1611560883055,False,simulated-ad8232
2.56,1155,930.9451978689893,False,simulated-ad8232
2.564,1146,924.0548767991498,False,simulated-ad8232
2.568,1145,923.1037154727316,False,simulated-ad8232
2.572,1142,920.8074682542442,False,simulated-ad8232
2.576,1147,925.1227630059996,False,simulated-ad8232
2.58,1139,918.0639505042803,False,simulated-ad8232
2.584,1147,925.0262670240595,False,simulated-ad8232
2.588,1139,917.9942086499354,False,simulated-ad8232
2.592,1139,918.3656062813438,False,simulated-ad8232
2.596,1147,924.7901065920125,False,simulated-ad8232
2.6,1149,926.3692252474093,False,simulated-ad8232
2.604,1153,929.4127172543414,False,simulated-ad8232
2.608,1160,935.3020836788047,False,simulated-ad8232
2.612,1157,932.6374101860192,False,simulated-ad8232
2.616,1166,939.6405280855706,False,simulated-ad8232
2.62,1164,938.0868683313535,False,simulated-ad8232
2.624,1179,950.820170606256,False,simulated-ad8232
2.628,1181,952.4878559837821,False,simulated-ad8232
2.632,1186,956.3086394598519,False,simulated-ad8232
2.636,1190,959.0584625506788,False,simulated-ad8232
2.64,1190,959.1573343225932,False,simulated-ad8232
2.644,1197,964.7407476469342,False,simulated-ad8232
2.648,1205,971.4779357690281,False,simulated-ad8232
2.652,1206,972.4026266022123,False,simulated-ad8232
2.656,1210,975.4967823948789,False,simulated-ad8232
2.66,1205,971.5353195707714,False,simulated-ad8232
2.664,1214,979.0713421249689,False,simulated-ad8232
2.668,1211,976.3150493026625,False,simulated-ad8232
2.672,1209,974.8284633830136,False,simulated-ad8232
2.676,1213,977.9619464196344,False,simulated-ad8232
2.68,1203,969.9267661157479,False,simulated-ad8232
2.684,1213,978.3019833613891,False,simulated-ad8232
2.688,1211,976.4980694947884,False,simulated-ad8232
2.692,1203,969.9436625817158,False,simulated-ad8232
2.696,1194,962.8031952382871,False,simulated-ad8232
2.7,1190,959.2478220234289,False,simulated-ad8232
2.704,1189,958.3875277255044,False,simulated-ad8232
2.708,1172,945.0554429247536,False,simulated-ad8232
2.712,1180,951.1094746483757,False,simulated-ad8232
2.716,1177,948.6411648564845,False,simulated-ad8232
2.72,1166,940.364583132548,False,simulated-ad8232
2.724,1160,935.3627419024606,False,simulated-ad8232
2.728,1158,933.9534866297635,False,simulated-ad8232
2.732,1154,930.7182381782338,False,simulated-ad8232
2.736,1154,930.0244507686378,False,simulated-ad8232
2.74,1144,922.3227998196068,False,simulated-ad8232
2.744,1137,916.3779156553207,False,simulated-ad8232
2.748,1134,914.4740545175499,False,simulated-ad8232
2.7520000000000002,1134,914.5234893642184,False,simulated-ad8232
2.7560000000000002,1138,917.7846180830808,False,simulated-ad8232
2.7600000000000002,1127,908.3178341163303,False,simulated-ad8232
2.7640000000000002,1121,903.6860960722021,False,simulated-ad8232
2.7680000000000002,1120,902.9513104076008,False,simulated-ad8232
2.7720000000000002,1112,896.7983671816279,False,simulated-ad8232
2.7760000000000002,1123,905.4485608672153,False,simulated-ad8232
2.7800000000000002,1114,897.8007173836144,False,simulated-ad8232
2.7840000000000003,1113,897.5774585277745,False,simulated-ad8232
2.7880000000000003,1109,894.0008707900143,False,simulated-ad8232
2.7920000000000003,1113,896.9350315111706,False,simulated-ad8232
2.7960000000000003,1120,903.273807892651,False,simulated-ad8232
2.8000000000000003,1111,895.4234254549106,False,simulated-ad8232
2.8040000000000003,1108,893.4008608330511,False,simulated-ad8232
2.8080000000000003,1117,900.8932309259047,False,simulated-ad8232
2.8120000000000003,1115,898.6364458097016,False,simulated-ad8232
2.816,1118,901.5827220522876,False,simulated-ad8232
2.82,1120,902.6940417769496,False,simulated-ad8232
2.824,1116,899.5950637523541,False,simulated-ad8232
2.828,1109,894.3501924480263,False,simulated-ad8232
2.832,1115,898.969560132563,False,simulated-ad8232
2.836,1118,901.3978675561772,False,simulated-ad8232
2.84,1113,897.0033154017415,False,simulated-ad8232
2.844,1108,893.5285733784101,False,simulated-ad8232
2.848,1121,903.6354560531025,False,simulated-ad8232
2.852,1113,897.5131019495501,False,simulated-ad8232
2.856,1113,897.4880502497916,False,simulated-ad8232
2.86,1115,899.1409750665015,False,simulated-ad8232
2.864,1120,903.1520756510862,False,simulated-ad8232
2.868,1116,900.0383614293661,False,simulated-ad8232
2.872,1113,897.6051202808229,False,simulated-ad8232
2.876,1118,901.6210112309578,False,simulated-ad8232
2.88,1126,907.4352483371171,False,simulated-ad8232
2.884,1122,904.3531230020812,False,simulated-ad8232
2.888,1118,901.4484030690526,False,simulated-ad8232
2.892,1109,894.2228177379121,False,simulated-ad8232
2.896,1133,913.675260673228,False,simulated-ad8232
2.9,1109,893.827534703076,False,simulated-ad8232
2.904,1113,897.0901326885376,False,simulated-ad8232
2.908,1111,895.7330075580404,False,simulated-ad8232
2.912,1123,904.9953879946562,False,simulated-ad8232
2.916,1116,900.1240718382264,False,simulated-ad8232
2.92,1107,892.6899368947215,False,simulated-ad8232
2.924,1116,899.4241448835179,False,simulated-ad8232
2.928,1117,900.4968128375522,False,simulated-ad8232
2.932,1113,896.9906871906884,False,simulated-ad8232
2.936,1108,893.3393250733636,False,simulated-ad8232
2.94,1110,895.2754521149343,False,simulated-ad8232
2.944,1112,896.3837287112519,False,simulated-ad8232
2.948,1114,898.1776282140744,False,simulated-ad8232
2.952,1111,895.9626788023846,False,simulated-ad8232
2.956,1117,900.9388568062881,False,simulated-ad8232
2.96,1109,894.1538827692092,False,simulated-ad8232
2.964,1105,890.9838647451136,False,simulated-ad8232
2.968,1110,894.9076206900016,False,simulated-ad8232
2.972,1120,903.2165829892863,False,simulated-ad8232
2.976,1111,895.4842657085609,False,simulated-ad8232
2.98,1125,907.0960425195049,False,simulated-ad8232
2.984,1116,899.65470633677,False,simulated-ad8232
2.988,1108,892.9870748739703,False,simulated-ad8232
2.992,1109,894.2636922765691,False,simulated-ad8232
2.996,1114,898.530433982328,False,simulated-ad8232
3.0,1107,892.8025254392351,False,simulated-ad8232
3.004,1125,906.9676236679531,False,simulated-ad8232
3.008,1108,893.4620056517622,False,simulated-ad8232
3.012,1116,900.1056550058688,False,simulated-ad8232
3.016,1120,903.1787667311507,False,simulated-ad8232
3.02,1112,896.8578660044434,False,simulated-ad8232
3.024,1108,893.2676989594755,False,simulated-ad8232
3.028,1111,896.1154101773773,False,simulated-ad8232
3.032,1115,898.6131303683502,False,simulated-ad8232
3.036,1117,900.6239204168883,False,simulated-ad8232
3.04,1113,897.3044859785846,False,simulated-ad8232
3.044,1106,891.4334945280619,False,simulated-ad8232
3.048,1113,897.160506548847,False,simulated-ad8232
3.052,1109,894.254666503225,False,simulated-ad8232
3.056,1102,888.1721065656707,False,simulated-ad8232
3.06,1109,894.071823228593,False,simulated-ad8232
3.064,1105,891.0893395676428,False,simulated-ad8232
3.068,1115,899.123703279503,False,simulated-ad8232
3.072,1122,904.5101540254014,False,simulated-ad8232
3.076,1121,904.1257858459954,False,simulated-ad8232
3.08,1109,894.3552801761512,False,simulated-ad8232
3.084,1110,894.7359502063024,False,simulated-ad8232
3.088,1115,899.3181376875737,False,simulated-ad8232
3.092,1117,900.7657044816418,False,simulated-ad8232
3.096,1110,894.8032312388885,False,simulated-ad8232
3.1,1111,895.8653374597812,False,simulated-ad8232
3.104,1123,905.2213671789661,False,simulated-ad8232
3.108,1111,895.9216860823302,False,simulated-ad8232
3.112,1109,894.3681234330569,False,simulated-ad8232
3.116,1112,896.747057712134,False,simulated-ad8232
3.12,1115,898.5442801893446,False,simulated-ad8232
3.124,1107,892.097049524067,False,simulated-ad8232
3.128,1110,895.1482300468742,False,simulated-ad8232
3.132,1106,891.4347020707843,False,simulated-ad8232
3.136,1110,894.9454734206696,False,simulated-ad8232
3.14,1121,903.5246895036342,False,simulated-ad8232
3.144,1115,898.9424253727316,False,simulated-ad8232
3.148,1111,895.5639912967994,False,simulated-ad8232
3.152,1107,892.1604271766297,False,simulated-ad8232
3.156,1110,894.6060402636391,False,simulated-ad8232
3.16,1116,900.013508485466,False,simulated-ad8232
3.164,1108,893.5230292544582,False,simulated-ad8232
3.168,1118,901.5325008941932,False,simulated-ad8232
3.172,1104,890.209371924076,False,simulated-ad8232
3.176,1110,894.5842713824335,False,simulated-ad8232
3.18,1120,903.0673401773241,False,simulated-ad8232
3.184,1103,889.5908648537986,False,simulated-ad8232
3.188,1126,907.4873015428317,False,simulated-ad8232
3.192,1128,909.1811938018429,False,simulated-ad8232
3.196,1174,946.6743644650833,False,simulated-ad8232
3.2,1240,1000.0485980496903,False,simulated-ad8232
3.204,1338,1078.2683613700215,False,simulated-ad8232
3.208,1412,1138.4570136011484,False,simulated-ad8232
3.212,1478,1191.7327123246255,False,simulated-ad8232
3.216,1482,1194.9735534024067,False,simulated-ad8232
3.22,1421,1145.7722781193881,False,simulated-ad8232
3.224,1321,1064.996272449705,False,simulated-ad8232
3.228,1234,994.5159733238368,False,simulated-ad8232
3.232,1164,938.7771922970991,False,simulated-ad8232
3.236,1132,913.0103657955104,False,simulated-ad8232
3.24,1114,898.281006449835,False,simulated-ad8232
3.244,1114,897.9394433428429,False,simulated-ad8232
3.248,1114,897.9229617028926,False,simulated-ad8232
3.2520000000000002,1118,901.0689410845989,False,simulated-ad8232
3.2560000000000002,1107,892.7860224976966,False,simulated-ad8232
3.2600000000000002,1109,894.3498163698404,False,simulated-ad8232
3.2640000000000002,1112,896.1327631537454,False,simulated-ad8232
3.2680000000000002,1110,895.2091560190814,False,simulated-ad8232
3.2720000000000002,1112,896.7813214366467,False,simulated-ad8232
3.2760000000000002,1106,891.5215572992875,False,simulated-ad8232
3.2800000000000002,1117,900.2429486264946,False,simulated-ad8232
3.2840000000000003,1112,896.3030533724635,False,simulated-ad8232
3.2880000000000003,1113,897.5733032074783,False,simulated-ad8232
3.2920000000000003,1112,896.7085673069918,False,simulated-ad8232
3.2960000000000003,1128,909.563643382561,False,simulated-ad8232
3.3000000000000003,1124,906.3715578859463,False,simulated-ad8232
3.3040000000000003,1133,913.6403925836704,False,simulated-ad8232
3.3080000000000003,1132,912.2558031727203,False,simulated-ad8232
3.3120000000000003,1124,906.4027491037394,False,simulated-ad8232
3.3160000000000003,1130,910.7609109156664,False,simulated-ad8232
3.3200000000000003,1141,919.7444852018773,False,simulated-ad8232
3.3240000000000003,1135,914.9245110463082,False,simulated-ad8232
3.3280000000000003,1134,914.4984946142702,False,simulated-ad8232
3.332,1139,918.58178640918,False,simulated-ad8232
3.336,1139,918.5988221019874,False,simulated-ad8232
3.34,1135,914.8695821818105,False,simulated-ad8232
3.344,1137,916.8926641522255,False,simulated-ad8232
3.348,1135,915.3268513178378,False,simulated-ad8232
3.352,1124,905.8004851491265,False,simulated-ad8232
3.356,1138,917.0895158001371,False,simulated-ad8232
3.36,1130,910.8740734979541,False,simulated-ad8232
3.364,1139,918.6159626243549,False,simulated-ad8232
3.368,1127,908.4149532691955,False,simulated-ad8232
3.372,1125,906.733677032021,False,simulated-ad8232
3.376,1139,918.3166018481336,False,simulated-ad8232
3.38,1127,908.2519090439855,False,simulated-ad8232
3.384,1133,913.5974435587297,False,simulated-ad8232
3.388,1142,920.5969251488034,False,simulated-ad8232
3.392,1140,919.4433327514864,False,simulated-ad8232
3.396,1138,917.1415097317059,False,simulated-ad8232
3.4,1151,927.9097136680599,False,simulated-ad8232
3.404,1154,930.1022214317256,False,simulated-ad8232
3.408,1166,939.9910714106268,False,simulated-ad8232
3.412,1168,941.3599455973587,False,simulated-ad8232
3.416,1185,955.3852290180262,False,simulated-ad8232
3.42,1167,940.8927486398709,False,simulated-ad8232
3.424,1180,951.5276652604398,False,simulated-ad8232
3.428,1180,951.2964781352352,False,simulated-ad8232
3.432,1196,963.8497908401715,False,simulated-ad8232
3.436,1198,965.817179730485,False,simulated-ad8232
3.44,1201,968.3954714732214,False,simulated-ad8232
3.444,1196,964.5983882189468,False,simulated-ad8232
3.448,1199,966.4746823295991,False,simulated-ad8232
3.452,1194,962.457591009074,False,simulated-ad8232
3.456,1213,977.8787771604509,False,simulated-ad8232
3.46,1207,972.8684254326342,False,simulated-ad8232
3.464,1202,968.921393046737,False,simulated-ad8232
3.468,1206,972.1840141123104,False,simulated-ad8232
3.472,1202,969.3320693262076,False,simulated-ad8232
3.476,1200,967.5533311180789,False,simulated-ad8232
3.48,1183,953.991892276828,False,simulated-ad8232
3.484,1183,954.0486455795254,False,simulated-ad8232
3.488,1183,953.7690324058872,False,simulated-ad8232
3.492,1179,950.2425026331856,False,simulated-ad8232
3.496,1176,948.3192905758746,False,simulated-ad8232
3.5,1161,936.0448864447817,False,simulated-ad8232
3.504,1161,936.1757261725824,False,simulated-ad8232
3.508,1166,940.1460740884102,False,simulated-ad8232
3.512,1153,929.8837221246565,False,simulated-ad8232
3.516,1149,926.576739847083,False,simulated-ad8232
3.52,1140,919.2262444887024,False,simulated-ad8232
3.524,1140,918.8443533099664,False,simulated-ad8232
3.528,1141,919.7448941081007,False,simulated-ad8232
3.532,1129,910.0069737327557,False,simulated-ad8232
3.536,1131,911.8275219459338,False,simulated-ad8232
3.54,1118,901.0777130266983,False,simulated-ad8232
3.544,1122,904.8701900025138,False,simulated-ad8232
3.548,1122,904.3274691677248,False,simulated-ad8232
3.552,1112,896.1534388499279,False,simulated-ad8232
3.556,1119,902.2331768817982,False,simulated-ad8232
3.56,1109,894.0243233805131,False,simulated-ad8232
3.564,1107,892.5710551510567,False,simulated-ad8232
3.568,1110,895.0131234890425,False,simulated-ad8232
3.572,1119,902.1090662327696,False,simulated-ad8232
3.576,1110,895.0979208625082,False,simulated-ad8232
3.58,1113,897.1830859312414,False,simulated-ad8232
3.584,1104,890.1732363623416,False,simulated-ad8232
3.588,1108,893.1381576891262,False,simulated-ad8232
3.592,1101,887.9043361153841,False,simulated-ad8232
3.596,1104,890.152450433284,False,simulated-ad8232
3.6,1111,895.6406694730193,False,simulated-ad8232
3.604,1106,892.0332158030875,False,simulated-ad8232
3.608,1114,897.9020753694815,False,simulated-ad8232
3.612,1105,891.2137964376395,False,simulated-ad8232
3.616,1105,891.1708794371758,False,simulated-ad8232
3.62,1113,897.0180348065854,False,simulated-ad8232
3.624,1103,889.27267272964,False,simulated-ad8232
3.628,1099,885.7492283065669,False,simulated-ad8232
3.632,1113,896.9984739420983,False,simulated-ad8232
3.636,1108,893.4180886750878,False,simulated-ad8232
3.64,1095,883.0706478571022,False,simulated-ad8232
3.644,1106,891.8811885362368,False,simulated-ad8232
3.648,1104,890.0607087797014,False,simulated-ad8232
3.652,1115,898.628847558137,False,simulated-ad8232
3.656,1102,888.7077922154907,False,simulated-ad8232
3.66,1103,889.2754439388294,False,simulated-ad8232
3.664,1101,887.9320579675938,False,simulated-ad8232
3.668,1101,887.3328983025075,False,simulated-ad8232
3.672,1102,888.7228686854778,False,simulated-ad8232
3.676,1099,885.7571202884735,False,simulated-ad8232
3.68,1101,887.3522091858699,False,simulated-ad8232
3.684,1098,885.0270389944388,False,simulated-ad8232
3.688,1098,885.4408379863834,False,simulated-ad8232
3.692,1098,885.1680116663946,False,simulated-ad8232
3.696,1103,889.2990175033077,False,simulated-ad8232
3.7,1102,888.6260209771045,False,simulated-ad8232
3.704,1099,886.4321948366824,False,simulated-ad8232
3.708,1108,893.228640015881,False,simulated-ad8232
3.712,1105,891.1009117460608,False,simulated-ad8232
3.716,1103,889.5431489682379,False,simulated-ad8232
3.72,1103,889.3931761429691,False,simulated-ad8232
3.724,1113,897.5987832744692,False,simulated-ad8232
3.728,1107,892.1648968811302,False,simulated-ad8232
3.732,1108,893.0857092262921,False,simulated-ad8232
3.736,1093,880.8187720694675,False,simulated-ad8232
3.74,1102,888.5269106909245,False,simulated-ad8232
3.744,1095,882.4369196151722,False,simulated-ad8232
3.748,1103,889.3954092666872,False,simulated-ad8232
3.7520000000000002,1107,892.5729291276572,False,simulated-ad8232
3.7560000000000002,1102,888.3621420020766,False,simulated-ad8232
3.7600000000000002,1108,893.1135958966014,False,simulated-ad8232
3.7640000000000002,1100,886.9281715699022,False,simulated-ad8232
3.7680000000000002,1108,893.3025787529492,False,simulated-ad8232
3.7720000000000002,1097,884.765307736184,False,simulated-ad8232
3.7760000000000002,1104,889.9135555542509,False,simulated-ad8232
3.7800000000000002,1107,892.6202858548876,False,simulated-ad8232
3.7840000000000003,1108,893.0656741154845,False,simulated-ad8232
3.7880000000000003,1104,890.3940571975758,False,simulated-ad8232
3.7920000000000003,1115,898.6432735872804,False,simulated-ad8232
3.7960000000000003,1103,889.2082295761245,False,simulated-ad8232
3.8000000000000003,1103,889.0436053039148,False,simulated-ad8232
3.8040000000000003,1091,879.7914250702712,False,simulated-ad8232
3.8080000000000003,1114,897.8872445703354,False,simulated-ad8232
3.8120000000000003,1103,889.3177584952155,False,simulated-ad8232
3.8160000000000003,1099,886.0721204756131,False,simulated-ad8232
3.8200000000000003,1111,896.0424198160127,False,simulated-ad8232
3.8240000000000003,1111,895.6836352174503,False,simulated-ad8232
3.8280000000000003,1105,891.1579113958452,False,simulated-ad8232
3.8320000000000003,1098,884.9681106233282,False,simulated-ad8232
3.8360000000000003,1107,892.3670792721153,False,simulated-ad8232
3.84,1102,888.1891757956593,False,simulated-ad8232
3.844,1099,885.9754160957516,False,simulated-ad8232
3.848,1110,894.8159434526787,False,simulated-ad8232
3.852,1094,882.0962278530321,False,simulated-ad8232
3.856,1107,892.8795832746329,False,simulated-ad8232
3.86,1107,892.4328768307608,False,simulated-ad8232
3.864,1115,898.7842183256947,False,simulated-ad8232
3.868,1106,891.865781891397,False,simulated-ad8232
3.872,1094,882.3164651412411,False,simulated-ad8232
3.876,1100,887.1910050932214,False,simulated-ad8232
3.88,1105,890.7796483630107,False,simulated-ad8232
3.884,1106,891.9289208801091,False,simulated-ad8232
3.888,1109,894.4158105254763,False,simulated-ad8232
3.892,1095,882.6399176617423,False,simulated-ad8232
3.896,1103,889.1450913117349,False,simulated-ad8232
3.9,1109,894.3307983369475,False,simulated-ad8232
3.904,1112,896.6138936452497,False,simulated-ad8232
3.908,1114,897.8689653584303,False,simulated-ad8232
3.912,1102,888.851044918401,False,simulated-ad8232
3.916,1110,894.7895904425764,False,simulated-ad8232
3.92,1113,897.2334630607677,False,simulated-ad8232
3.924,1110,895.1665328036141,False,simulated-ad8232
3.928,1108,893.2568337753352,False,simulated-ad8232
3.932,1108,893.6613157195527,False,simulated-ad8232
3.936,1100,887.1788238084653,False,simulated-ad8232
3.94,1097,884.5377965119694,False,simulated-ad8232
3.944,1109,894.2468631735509,False,simulated-ad8232
3.948,1103,888.9164926729582,False,simulated-ad8232
3.952,1104,890.1849856770923,False,simulated-ad8232
3.956,1101,887.9969060767586,False,simulated-ad8232
3.96,1103,888.8685543985131,False,simulated-ad8232
3.964,1106,891.9978809100904,False,simulated-ad8232
3.968,1103,889.3753126906129,False,simulated-ad8232
3.972,1118,901.1842043556471,False,simulated-ad8232
3.976,1142,920.7444568476503,False,simulated-ad8232
3.98,1188,957.9998035993095,False,simulated-ad8232
3.984,1263,1018.0282332759722,False,simulated-ad8232
3.988,1368,1102.6473064344436,False,simulated-ad8232
3.992,1460,1176.697960059384,False,simulated-ad8232
3.996,1486,1197.6290614871975,False,simulated-ad8232
